{
    "left": {
        "center": {
            "left": {
                "x": 97,
                "y": 1
            },
            "right": {
                "x": 0,
                "y": 0
            }
        },
        "distortion_coeff": {
            "left": {
                "blue": {
                    "k0": 1,
                    "k1": 1.0646823644638062,
                    "k10": 491255776,
                    "k11": -716738112,
                    "k12": 422669216,
                    "k2": -86.96723937988281,
                    "k3": 2981.66552734375,
                    "k4": -51199.046875,
                    "k5": 498936.8125,
                    "k6": -2713603,
                    "k7": 6043729,
                    "k8": 17097578,
                    "k9": -162136560,
                    "p1": 0.007612932939082384,
                    "p2": -0.2132890522480011,
                    "p3": 4.699353218078613,
                    "p4": -0.0012157321907579899,
                    "p5": 0.054873138666152954,
                    "p6": 0.0025426489301025867,
                    "s1": 0.021408427506685257,
                    "s2": -0.38772502541542053,
                    "s3": -0.005474057514220476,
                    "s4": 0.023369837552309036
                },
                "green": {
                    "k0": 1,
                    "k1": -0.34352442622184753,
                    "k10": 407482208,
                    "k11": -607444544,
                    "k12": 364629760,
                    "k2": -24.74683952331543,
                    "k3": 1511.1038818359375,
                    "k4": -31125.5234375,
                    "k5": 335715.46875,
                    "k6": -1955696.125,
                    "k7": 4600685,
                    "k8": 13278577,
                    "k9": -130938128,
                    "p1": 0.004142312798649073,
                    "p2": -0.09396903216838837,
                    "p3": 2.4918816089630127,
                    "p4": -0.0022665332071483135,
                    "p5": 0.10812357068061829,
                    "p6": -0.44162964820861816,
                    "s1": 0.0093619329854846,
                    "s2": -0.14777334034442902,
                    "s3": -0.007819280959665775,
                    "s4": 0.04495905712246895
                },
                "red": {
                    "k0": 1,
                    "k1": -2.3546030521392822,
                    "k10": -186403008,
                    "k11": 188764864,
                    "k12": -76325736,
                    "k2": 105.43265533447266,
                    "k3": -2204.986572265625,
                    "k4": 25744.6015625,
                    "k5": -155664.125,
                    "k6": 224915.46875,
                    "k7": 3438194.75,
                    "k8": -27138312,
                    "k9": 96143232,
                    "p1": 0.002255076775327325,
                    "p2": 0.04626873880624771,
                    "p3": 0.5855537056922913,
                    "p4": -0.00238604168407619,
                    "p5": 0.13307441771030426,
                    "p6": -0.7181653380393982,
                    "s1": -0.007675641681998968,
                    "s2": 0.06325908750295639,
                    "s3": -0.010614600963890553,
                    "s4": 0.08439233154058456
                }
            },
            "right": {
                "blue": null,
                "green": null,
                "red": null
            }
        },
        "distortion_coeff_WVR": {
            "left": {
                "blue": {
                    "k1": -0.52751225233078,
                    "k2": 21.61807632446289,
                    "k3": -242.61370849609375,
                    "k4": 1472.376708984375,
                    "k5": -4238.3759765625,
                    "k6": 4892.56494140625
                },
                "green": {
                    "k1": -1.0224546194076538,
                    "k2": 27.280540466308594,
                    "k3": -268.6165771484375,
                    "k4": 1501.5048828125,
                    "k5": -4129.18359375,
                    "k6": 4632.85888671875
                },
                "red": {
                    "k1": -1.1281183958053589,
                    "k2": 27.28583335876465,
                    "k3": -259.07769775390625,
                    "k4": 1417.8099365234375,
                    "k5": -3838.6845703125,
                    "k6": 4259.6640625
                }
            },
            "right": {
                "blue": null,
                "green": null,
                "red": null
            }
        },
        "distortion_coeff_modify": {
            "left": {
                "blue": {
                    "k0": 1,
                    "k1": 0.20147620141506195,
                    "k10": -3472923.5,
                    "k2": -12.570015907287598,
                    "k3": 496.2109375,
                    "k4": -8279.626953125,
                    "k5": 81062.2109375,
                    "k6": -494675.1875,
                    "k7": 1915181.375,
                    "k8": -4567405.5,
                    "k9": 6103839,
                    "theta": 0.02045777626335621
                }
            },
            "right": {
                "blue": null
            }
        },
        "enlarge_ratio": {
            "left": 1.7995648384094238,
            "right": 0
        },
        "grow_for_undistort": {
            "left": 0.799564778804779,
            "right": null
        },
        "grow_for_undistort2": {
            "left": 0.22050705552101135,
            "right": null
        },
        "grow_for_undistort3": {
            "left": 0.4016369581222534,
            "right": null
        },
        "grow_for_undistort4": {
            "left": 0.3988267183303833,
            "right": null
        },
        "hmd_model_name": "C10_2.88",
        "intrinsics": {
            "left": [
                [
                    1.2503293752670288,
                    0,
                    0.15849673748016357
                ],
                [
                    0,
                    1.2503293752670288,
                    -0.0016339869471266866
                ],
                [
                    0,
                    0,
                    -1
                ]
            ],
            "right": null
        },
        "intrinsics2": {
            "left": [
                [
                    1.2421778440475464,
                    0,
                    0.15849673748016357
                ],
                [
                    0,
                    1.2421778440475464,
                    -0.0016339869471266866
                ],
                [
                    0,
                    0,
                    -1
                ]
            ],
            "right": null
        },
        "model_type": "strengthen_high_order",
        "normalizedRadius": 1860.4783935546875,
        "resolution": {
            "height": 2448,
            "width": 2448
        },
        "scale": {
            "left": 0.4587453305721283,
            "right": 0
        },
        "scale_ratio": 2,
        "version": "1.10"
    },
    "right": {
        "center": {
            "left": {
                "x": 0,
                "y": 0
            },
            "right": {
                "x": -97,
                "y": -5
            }
        },
        "distortion_coeff": {
            "left": {
                "blue": null,
                "green": null,
                "red": null
            },
            "right": {
                "blue": {
                    "k0": 1,
                    "k1": 0.11100059002637863,